id,cik,fiscal_year,period_end_date,revenue,operating_income,net_income,income_tax_expense,pretax_income,effective_tax_rate,interest_expense,depreciation_amortization,capex,operating_cash_flow,free_cash_flow,cash_and_equivalents,short_term_debt,long_term_debt,total_debt,diluted_shares_outstanding,filing_date
1,0000796343,2006,2006-12-01,,,,,,,,,,,,772500000,,,,,2010-01-22
2,0000796343,2007,2007-11-30,3157881000,857585000,723807000,223383000,947190000,0.23583758274475025,253000,315464000,132075000,1441053000,1308978000,946422000,,,,598775000,2011-01-27
3,0000796343,2008,2008-11-28,3579889000,1028271000,871814000,206694000,1078508000,0.1916480916228716,10019000,270269000,111792000,1280682000,1168890000,886450000,,350000000,350000000,548553000,2012-01-26
4,0000796343,2009,2009-11-27,2945853000,690513000,386508000,315012000,701520000,0.4490420800547383,3407000,282423000,119592000,1117794000,998202000,999487000,,1000000000,1000000000,530610000,2013-01-22
5,0000796343,2010,2010-12-03,3800000000,993074000,774680000,168471000,943151000,0.1786256919623687,56952000,292738000,169642000,1112995000,943353000,749891000,,,,525824000,2014-01-21
6,0000796343,2011,2011-12-02,4216258000,1099299000,832847000,202383000,1035230000,0.195495686948794,66952000,270205000,210294000,1543314000,1333020000,989500000,,,,503921000,2015-01-20
7,0000796343,2012,2012-11-30,4403677000,1180191000,832775000,286019000,1118794000,0.25564938675037585,67487000,299766000,271076000,1499580000,1228504000,1425052000,,,,502721000,2016-01-19
8,0000796343,2013,2013-11-29,4055240000,422723000,289985000,66156000,356141000,0.18575788802749474,67508000,321227000,188358000,1151686000,963328000,834556000,,,,513476000,2017-01-20
9,0000796343,2014,2014-11-28,4147065000,412685000,268395000,92981000,361376000,0.25729710882847784,59732000,313590000,148332000,1287482000,1139150000,1117400000,,,,508480000,2018-01-22
10,0000796343,2015,2015-11-27,4795511000,903095000,629551000,244230000,873781000,0.27950939651926515,64184000,339473000,184936000,1469502000,1284566000,876560000,,,,507164000,2019-01-25
11,0000796343,2016,2016-12-02,5854430000,1493602000,1168782000,266356000,1435138000,0.18559608901722344,70442000,331535000,203805000,2199728000,1995923000,1011315000,,,,504299000,2020-01-21
12,0000796343,2017,2017-12-01,7301505000,2168095000,1693954000,443687000,2137641000,0.20755917387437833,74402000,325997000,178122000,2912853000,2734731000,2306000000,,,,501123000,2021-01-15
13,0000796343,2018,2018-11-30,9030000000,2840000000,2591000000,203000000,2794000000,0.07265569076592698,89000000,346000000,267000000,4029000000,3762000000,1643000000,0,,0,497800000,2022-01-21
14,0000796343,2019,2019-11-29,11171000000,3268000000,2951000000,254000000,3205000000,0.07925117004680188,157000000,757000000,395000000,4422000000,4027000000,2650000000,3149000000,989000000,4138000000,491600000,2022-01-21
15,0000796343,2020,2020-11-27,12868000000,4237000000,5260000000,-1084000000,4176000000,-0.2595785440613027,116000000,757000000,419000000,5727000000,5308000000,4478000000,0,4117000000,4117000000,485500000,2023-01-17
16,0000796343,2021,2021-12-03,15785000000,5802000000,4822000000,883000000,5705000000,0.15477651183172655,113000000,788000000,348000000,7230000000,6882000000,3844000000,0,4123000000,4123000000,481000000,2024-01-17
17,0000796343,2022,2022-12-02,17606000000,6098000000,4756000000,1252000000,6008000000,0.20838881491344874,112000000,856000000,442000000,7838000000,7396000000,4236000000,500000000,3629000000,4129000000,470900000,2025-01-13
18,0000796343,2023,2023-12-01,19409000000,6650000000,5428000000,1371000000,6799000000,0.2016473010736873,113000000,872000000,360000000,7302000000,6942000000,7141000000,0,3634000000,3634000000,459100000,2026-01-15
19,0000796343,2024,2024-11-29,21505000000,6741000000,5560000000,1371000000,6931000000,0.19780695426345404,,857000000,183000000,8056000000,7873000000,7613000000,1500000000,4129000000,5629000000,449700000,2026-01-15
20,0000796343,2025,2025-11-28,23769000000,8706000000,7130000000,1604000000,8734000000,0.18365010304556903,,818000000,179000000,10031000000,9852000000,5431000000,0,6210000000,6210000000,427000000,2026-01-15
21,0001108524,2007,2007-01-31,,,,,,,,,,,,86608000,,,,,2010-03-11
22,0001108524,2008,2008-01-31,748700000,20309000,18356000,23385000,46213000,0.5060264427758423,46000,24219000,43552000,204275000,160723000,279095000,,,,122422000,2011-03-23
23,0001108524,2009,2009-01-31,1076769000,63742000,43428000,37557000,85592000,0.4387910085054678,107000,35971000,61059000,229557000,168498000,483834000,,0,0,125228000,2012-03-09
24,0001108524,2010,2010-01-31,1305583000,115272000,80719000,57689000,142381000,0.405173443085805,2000000,53177000,49501000,270911000,221410000,1011306000,,450198000,450198000,128114000,2013-03-08
25,0001108524,2011,2011-01-31,1657139000,97497000,64474000,34601000,104298000,0.33175132792575124,24909000,75746000,90887000,459081000,368194000,424292000,0,472538000,472538000,136598000,2014-03-05
26,0001108524,2012,2012-01-31,2266539000,-35085000,-11572000,-21745000,-33317000,0.6526698082060209,17045000,157286000,151645000,591507000,439862000,607284000,496149000,0,496149000,541208000,2015-03-06
27,0001108524,2013,2013-01-31,3050195000,-110710000,-270445000,142651000,-127794000,-1.1162574142761006,30948000,216795000,175601000,736897000,561296000,747245000,0,0,0,564896000,2016-03-07
28,0001108524,2014,2014-01-31,4071003000,-286074000,-232175000,-125760000,-357935000,0.35134870856440414,77211000,369423000,299110000,875469000,576359000,781635000,30000000,255000000,285000000,597613000,2017-03-06
29,0001108524,2015,2015-01-31,5373586000,-145633000,-262688000,49603000,-213085000,-0.23278503883426802,73237000,448296000,290454000,1181444000,890990000,908117000,0,1070692000,1070692000,624148000,2018-03-09
30,0001108524,2016,2016-01-31,6667216000,114923000,-47426000,111705000,64279000,1.7378148384386813,72485000,525750000,284476000,1672081000,1387605000,1158000000,,1088097000,1088097000,661647000,2019-03-08
31,0001108524,2017,2017-01-31,8391984000,218000000,323000000,-144000000,179000000,-0.8044692737430168,89000000,632000000,464000000,2162000000,1698000000,1607000000,0,2008391000,2008391000,700000000,2019-03-08
32,0001108524,2018,2018-01-31,10540000000,454000000,360000000,60000000,420000000,0.14285714285714285,87000000,373000000,534000000,2738000000,2204000000,2543000000,1025000000,695000000,1720000000,735000000,2020-03-05
33,0001108524,2019,2019-01-31,13282000000,535000000,1110000000,-127000000,983000000,-0.12919633774160733,154000000,411000000,595000000,3398000000,2803000000,2669000000,3000000,3173000000,3176000000,775000000,2021-03-17
34,0001108524,2020,2020-01-31,17098000000,297000000,126000000,580000000,706000000,0.8215297450424929,110000000,455000000,643000000,4331000000,3688000000,4145000000,4000000,2673000000,2677000000,850000000,2022-03-11
35,0001108524,2021,2021-01-31,21252000000,455000000,4072000000,-1511000000,2561000000,-0.5900039047247169,110000000,579000000,710000000,4801000000,4091000000,6195000000,4000000,2673000000,2677000000,930000000,2023-03-08
36,0001108524,2022,2022-01-31,26492000000,548000000,1444000000,88000000,1532000000,0.057441253263707574,216000000,678000000,717000000,6000000000,5283000000,5464000000,4000000,10592000000,10596000000,974000000,2024-03-06
37,0001108524,2023,2023-01-31,31352000000,1030000000,208000000,452000000,660000000,0.6848484848484848,300000000,903000000,798000000,7111000000,6313000000,7016000000,1182000000,9419000000,10601000000,997000000,2025-03-05
38,0001108524,2024,2024-01-31,34857000000,5011000000,4136000000,814000000,4950000000,0.16444444444444445,283000000,1100000000,736000000,10234000000,9498000000,8472000000,999000000,8427000000,9426000000,984000000,2026-03-02
39,0001108524,2025,2025-01-31,37895000000,7205000000,6197000000,1241000000,7438000000,0.16684592632428072,272000000,1000000000,658000000,13092000000,12434000000,8848000000,0,8433000000,8433000000,974000000,2026-03-02
40,0001108524,2026,2026-01-31,41525000000,8331000000,7457000000,2063000000,9520000000,0.21670168067226891,324000000,1200000000,594000000,14996000000,14402000000,7327000000,4000000000,10439000000,14439000000,956000000,2026-03-02
41,0001327811,2009,2009-12-31,,,,,,,,,,,,34372000,,,,,2013-03-22
42,0001327811,2010,2010-12-31,68055000,-56061000,-56215000,,-56118000,,221000,5313000,3662000,-15335000,-18997000,30887000,,,,,2013-03-22
43,0001327811,2011,2011-01-31,,,,,,,,,,,,30512000,,,,,2014-03-31
44,0001327811,2012,2012-01-31,134427000,-78444000,-79971000,,-79462000,,976000,9319000,4999000,-13774000,-18773000,57529000,,,,,2015-03-25
45,0001327811,2013,2013-01-31,273657000,-117863000,-119758000,124000,-119066000,-0.0010414392017872442,1363000,17722000,15898000,11214000,-4684000,84158000,,,,,2016-03-22
46,0001327811,2014,2014-01-31,468938000,-153282000,-172509000,1678000,-170831000,-0.009822573186365473,19618000,34695000,60725000,46263000,-14462000,581326000,,468412000,468412000,,2017-03-20
47,0001327811,2015,2015-01-31,787860000,-215702000,-247982000,2010000,-245972000,-0.008171661815165954,31060000,59205000,103646000,102003000,-1643000,298192000,,481958000,481958000,,2017-03-20
48,0001327811,2016,2016-01-31,1156690000,-249789000,-275048000,1017000,-274031000,-0.00371125894515584,31932000,85939000,133667000,258637000,124970000,300087000,,507476000,507476000,,2018-03-14
49,0001327811,2017,2017-01-31,1574440000,-353086000,-384699000,-814000,-385513000,0.0021114722460721168,30103000,105825000,120813000,350626000,229813000,539923000,0,,0,,2019-03-18
50,0001327811,2018,2018-01-31,2143050000,-303223000,-321222000,6436000,-314786000,-0.02044563608292618,44549000,135723000,141536000,465727000,324191000,1134355000,341509000,1149845000,1491354000,,2020-03-03
51,0001327811,2019,2019-01-31,2822180000,-463284000,-418258000,-5494000,-423752000,0.012965130548056411,60209000,198111000,202507000,606658000,404151000,638554000,232514000,972264000,1204778000,,2021-03-02
52,0001327811,2020,2020-01-31,3627206000,-502230000,-480674000,-1773000,-482447000,0.003675015079376595,58685000,,,864598000,,731141000,244319000,1017967000,1262286000,227185000,2022-02-28
53,0001327811,2021,2021-01-31,4317996000,-248599000,-282431000,7297000,-275134000,-0.02652162219136857,68806000,,,1268441000,,1384181000,1103101000,691913000,1795014000,237019000,2023-02-27
54,0001327811,2022,2022-01-31,5139000000,-116000000,29000000,-13000000,16000000,-0.8125,17000000,,,1651000000,,1534000000,1222443000,617354000,1839797000,254032000,2024-03-08
55,0001327811,2023,2023-01-31,6216000000,-222000000,-367000000,107000000,-260000000,-0.4115384615384615,102000000,,364000000,1657000000,1293000000,1886000000,0,2976000000,2976000000,254819000,2025-03-11
56,0001327811,2024,2024-01-31,7259000000,183000000,1381000000,-1025000000,356000000,-2.8792134831460676,114000000,,232000000,2149000000,1917000000,2012000000,,2980000000,2980000000,265285000,2026-03-06
57,0001327811,2025,2025-01-31,8446000000,415000000,526000000,112000000,638000000,0.1755485893416928,114000000,,269000000,2461000000,2192000000,1543000000,,2984000000,2984000000,269205000,2026-03-06
58,0001327811,2026,2026-01-31,9552000000,721000000,693000000,316000000,1009000000,0.313181367690783,114000000,,162000000,2939000000,2777000000,1501000000,,2987000000,2987000000,268117000,2026-03-06
59,0001373715,2009,2009-06-30,,,,,,,,,,,,7788000,,,,,2013-03-08
60,0001373715,2010,2010-06-30,43329000,-28199000,-29705000,280000,-29425000,-0.009515717926932881,,,1584000,-7532000,-9116000,29402000,,,,23157576,2014-02-28
61,0001373715,2010,2010-12-31,,,,,,,,,,,,38457000,,,,,2014-02-28
62,0001373715,2011,2011-06-30,92641000,10560000,9830000,1336000,11166000,0.11964893426473222,,1472000,8733000,37468000,28735000,59853000,,,,28095486,2014-02-28
63,0001373715,2011,2011-12-31,,,,,,,,,,,,68088000,,,,,2015-02-27
64,0001373715,2012,2012-12-31,243712000,-37584000,-37348000,1368000,-35980000,-0.038021122846025567,,13506000,42066000,48766000,6700000,118989000,,0,0,73908631,2016-02-25
65,0001373715,2013,2013-12-31,424650000,-66267000,-73708000,2511000,-71197000,-0.0352683399581443,3498000,24152000,55321000,81746000,26425000,366303000,,414777000,414777000,135415809,2017-02-28
66,0001373715,2014,2014-12-31,682563000,-151835000,-179387000,3847000,-175540000,-0.0219152329953287,29059000,42059000,54379000,140937000,86558000,252455000,,443437000,443437000,,2017-02-28
67,0001373715,2015,2015-12-31,1005480000,-166365000,-198426000,5414000,-193012000,-0.028050069425735187,31097000,60356000,87481000,317754000,230273000,412305000,,474534000,474534000,,2018-02-28
68,0001373715,2016,2016-12-31,1390513000,-382168000,-414249000,3830000,-410419000,-0.00933192664082316,33278000,83082000,105562000,159081000,53519000,401238000,0,507812000,507812000,,2019-02-27
69,0001373715,2017,2017-12-31,1933026000,-64396000,-116846000,3440000,-113406000,-0.030333492055094086,53394000,113875000,150510000,642940000,492430000,726495000,543418000,630018000,1173436000,171176000,2020-02-20
70,0001373715,2018,2018-12-31,2608816000,-42426000,-26704000,-12320000,-39024000,0.3157031570315703,52733000,149604000,224462000,811089000,586627000,566204000,0,661707000,661707000,177846000,2021-02-12
71,0001373715,2019,2019-12-31,3460000000,42000000,626698000,-560000000,67000000,-8.35820895522388,33000000,252000000,265000000,1236000000,971000000,776000000,52668000,,52668000,197223000,2022-02-03
72,0001373715,2020,2020-12-31,4519000000,199000000,119000000,31000000,150000000,0.20666666666666667,33000000,336000000,419000000,1786000000,1367000000,1677000000,0,,0,202478000,2023-01-31
73,0001373715,2021,2021-12-31,5896000000,257000000,230000000,19000000,249000000,0.07630522088353414,28000000,472000000,392000000,2191000000,1799000000,1728000000,92000000,1484000000,1576000000,203167000,2024-01-25
74,0001373715,2022,2022-12-31,7245000000,355000000,325000000,74000000,399000000,0.18546365914786966,27000000,433000000,550000000,2723000000,2173000000,1470000000,0,1486000000,1486000000,203535000,2025-01-30
75,0001373715,2023,2023-12-31,8971000000,762000000,1731000000,-723000000,1008000000,-0.7172619047619048,,562000000,694000000,3398000000,2704000000,1897000000,,1488000000,1488000000,1027953000,2026-01-29
76,0001373715,2024,2024-12-31,10984000000,1364000000,1425000000,313000000,1738000000,0.18009205983889529,,564000000,852000000,4267000000,3415000000,2304000000,,1489000000,1489000000,1042113000,2026-01-29
77,0001373715,2025,2025-12-31,13278000000,1824000000,1748000000,513000000,2261000000,0.226890756302521,,738000000,868000000,5444000000,4576000000,3726000000,,1491000000,1491000000,1046691000,2026-01-29
78,0001404655,2011,2011-12-31,,,,,,,,,,,,13972000,,,,,2015-03-05
79,0001404655,2012,2012-12-31,51604000,,-18778000,,-18778000,,63000,2736000,322000,-5807000,-6129000,41097000,,,,4699000,2016-02-24
80,0001404655,2013,2013-12-31,77634000,-34250000,-34274000,,-34274000,,20000,4472000,4358000,-19808000,-24166000,12643000,,,,5113000,2017-02-16
81,0001404655,2014,2014-12-31,115876000,-48609000,-48229000,-92000,-48321000,0.0019039341073239379,322000,5714000,7266000,-12464000,-19730000,123721000,,,,11562000,2018-02-13
82,0001404655,2015,2015-12-31,181943000,-46474000,-46053000,412000,-45641000,-0.009026971363467058,185000,7343000,8427000,-423000,-8850000,55580000,,,,33222000,2018-02-13
83,0001404655,2016,2016-12-31,270967000,-44662000,-45562000,533000,-45029000,-0.011836816273956783,265000,11177000,15789000,19366000,3577000,59702000,,,,35197000,2019-02-12
84,0001404655,2017,2017-12-31,375612000,-40136000,-39714000,-10325000,-50039000,0.2063390555366814,13181000,15786000,20276000,49614000,29338000,87680000,,298447000,298447000,36827000,2020-02-12
85,0001404655,2018,2018-12-31,,-48258000,-63828000,1868000,-61960000,-0.030148482892188508,21386000,23428000,22305000,84851000,62546000,111489000,,318782000,318782000,38529000,2021-02-16
86,0001404655,2019,2019-12-31,674860000,-46991000,-53746000,2973000,-50773000,-0.058554743662970477,22818000,28793000,40372000,118973000,78601000,269670000,,340564000,340564000,42025000,2022-02-14
87,0001404655,2020,2020-12-31,883026000,-50828000,-85031000,4216000,-80815000,-0.052168533069355934,37049000,37060000,37274000,88913000,51639000,378123000,7837000,471099000,478936000,44757000,2023-02-16
88,0001404655,2021,2021-12-31,1300658000,-54799000,-77837000,4019000,-73818000,-0.054444715381072366,30282000,45159000,28726000,238728000,210002000,377013000,19630000,383101000,402731000,46891000,2024-02-14
89,0001404655,2022,2022-12-31,1730969000,-102862000,-107347000,8894000,-98453000,-0.09033752145693884,3762000,58150000,37426000,273174000,235748000,331022000,,,,48065000,2025-02-12
90,0001404655,2023,2023-12-31,2170230000,-200929000,-164510000,13935000,-150575000,-0.09254524323426863,3801000,72673000,33718000,350971000,317253000,387987000,,,,49877000,2026-02-11
91,0001404655,2024,2024-12-31,2627543000,-67602000,4628000,24049000,28677000,0.838616312724483,,96828000,37939000,598599000,560660000,512667000,458184000,,458184000,51819000,2026-02-11
92,0001404655,2025,2025-12-31,3131266000,7379000,45911000,23552000,69463000,0.3390582036479853,,136295000,53165000,760717000,707552000,882242000,,,,53194000,2026-02-11
93,0001535527,2017,2017-01-31,,,,,,,,,,,,22826000,,,,,2020-03-23
94,0001535527,2018,2018-01-31,118752000,-131440000,-135490000,929000,-134561000,-0.006903932045689316,1648000,,22906000,-58766000,-81672000,63179000,,,,,2021-03-18
95,0001535527,2019,2019-01-31,249824000,-136864000,-140077000,1367000,-138710000,-0.009855093360247999,428000,,35851000,-22968000,-58819000,,,,,,2021-03-18
96,0001535527,2020,2020-01-31,481413000,-146065000,-141779000,1997000,-139782000,-0.014286531885364353,442000,,80198000,99943000,19745000,,,0,0,148062000,2022-03-16
97,0001535527,2021,2021-01-31,874438000,-92529000,-92629000,4760000,-87869000,-0.054171550831351216,1559000,,52799000,356566000,303767000,1918608000,,738029000,738029000,217756000,2023-03-09
98,0001535527,2022,2022-01-31,1451594000,-142548000,-234802000,72355000,-160023000,-0.4521537528980209,25231000,,112143000,574784000,462641000,1996633000,,739517000,739517000,227142000,2024-03-07
99,0001535527,2023,2023-01-31,2241236000,-190112000,-183245000,22402000,-159883000,-0.1401149590638154,25319000,,235019000,941007000,705988000,2455369000,,741005000,741005000,233139000,2025-03-10
100,0001535527,2024,2024-01-31,3055555000,-19141000,72181000,32232000,105671000,0.3050221915189598,25756000,,176529000,1166207000,989678000,3375069000,,742494000,742494000,243635000,2026-03-05
101,0001535527,2025,2025-01-31,3953624000,-116400000,-15241000,71130000,58564000,1.214568677002937,,,254852000,1381727000,1126875000,4323295000,,743983000,743983000,244750000,2026-03-05
102,0001535527,2026,2026-01-31,4812005000,-293292000,-162502000,34176000,-126989000,-0.2691256723023254,,,302108000,1612349000,1310241000,5230125000,,745471000,745471000,250576000,2026-03-05
103,0001561550,2017,2017-12-31,100761000,-2956000,-2570000,457000,-2113000,-0.216280170373876,,2200000,2351000,13832000,11481000,60024000,,,,61321000,2020-02-25
104,0001561550,2018,2018-12-31,198077000,-11033000,-10762000,522000,-10240000,-0.0509765625,,5500000,9662000,10829000,1167000,53639000,,,,70951000,2021-03-01
105,0001561550,2019,2019-12-31,362780000,-20140000,-16710000,734000,-15976000,-0.04594391587381071,32000,11600000,13315000,24234000,10919000,597297000,,,,139873000,2022-02-25
106,0001561550,2020,2020-12-31,603466000,-13773000,-24547000,2325000,-22222000,-0.10462604626046261,30434000,14500000,5415000,109091000,103676000,224927000,,575864000,575864000,300350000,2023-02-24
107,0001561550,2021,2021-12-31,1028784000,-19156000,-20745000,2323000,-18422000,-0.1260992291824992,21052000,18500000,9956000,286545000,276589000,270973000,,735482000,735482000,309048000,2024-02-23
108,0001561550,2022,2022-12-31,1675100000,-58695000,-50160000,12090000,-38070000,-0.31757289204097716,16535000,27000000,35261000,418407000,383146000,338985000,,738847000,738847000,315410000,2025-02-20
109,0001561550,2023,2023-12-31,2128359000,-33464000,48568000,11667000,60235000,0.19369137544616918,6302000,35600000,27586000,659954000,632368000,330339000,0,742235000,742235000,350292000,2026-02-18
110,0001561550,2024,2024-12-31,2684275000,54284000,183746000,20194000,203940000,0.09901931940766892,,48500000,34719000,870603000,835884000,1246983000,634023000,979282000,1613305000,358636000,2026-02-18
111,0001561550,2025,2025-12-31,3427158000,-44373000,107741000,19280000,127021000,0.15178592516198108,,49200000,49578000,1050135000,1000557000,401305000,0,983449000,983449000,363472000,2026-02-18
112,0001640147,2018,2018-01-31,,,,,,,,,,,,215593000,,,,,2021-03-31
113,0001640147,2019,2019-01-31,96666000,-185465000,-178028000,820000,-177208000,-0.0046273305945555504,,1362000,2058000,-143982000,-146040000,116541000,,,,,2021-03-31
114,0001640147,2020,2020-01-31,264748000,-358088000,-348535000,993000,-347542000,-0.0028572086251445867,,3522000,18583000,-176558000,-195141000,127206000,,,,44847442,2022-03-30
115,0001640147,2021,2021-01-31,592049000,-543937000,-539102000,2062000,-537040000,-0.0038395650230895278,,9826000,35037000,-45417000,-80454000,820177000,,,,141613000,2023-03-29
116,0001640147,2022,2022-01-31,1219327000,-715036000,-679948000,2988000,-676960000,-0.004413850153627984,,21498000,16221000,110179000,93958000,1085729000,,,,300273000,2024-03-26
117,0001640147,2023,2023-01-31,2065659000,-842267000,-796705000,-18467000,-815993000,0.02263132159221954,,63535000,25128000,545639000,520511000,939902000,,,,318730000,2025-03-21
118,0001640147,2024,2024-01-31,2806489000,-1094773000,-836097000,-11233000,-849223000,0.013227385504160862,,119903000,35086000,848122000,813036000,1762749000,,0,0,328001000,2026-03-20
119,0001640147,2025,2025-01-31,3626396000,-1456010000,-1285640000,4113000,-1285099000,-0.0032005316321933176,,182508000,46279000,959764000,913485000,2628798000,,2271529000,2271529000,332707000,2026-03-20
120,0001640147,2026,2026-01-31,4683946000,-1435165000,-1331616000,17125000,-1311910000,-0.013053486900778255,,220443000,101628000,1221942000,1120314000,2828163000,,2279827000,2279827000,337493000,2026-03-20
121,0001650372,2020,2020-06-30,,,,,,,,,,,,1489143000,,,,,2023-08-18
122,0001650372,2021,2021-06-30,2089132000,141406000,-578979000,64564000,-514415000,-0.125509559402428,92586000,55950000,31520000,789960000,758440000,919227000,,,,249679000,2023-08-18
123,0001650372,2022,2022-06-30,2802882000,70083000,-519510000,48572000,-470938000,-0.10313884205564214,41466000,51739000,70583000,821044000,750461000,1385265000,0,999419000,999419000,253312000,2024-08-16
124,0001650372,2023,2023-06-30,3534647000,-345222000,-486761000,175625000,-311136000,-0.5644637714697109,30147000,60923000,25812000,868111000,842299000,2102550000,37500000,962093000,999593000,256307000,2025-08-15
125,0001650372,2024,2024-06-30,4358603000,-117077000,-300519000,215112000,-85407000,-2.518669429906214,,78738000,33112000,1448159000,1415047000,2176930000,0,985911000,985911000,259133000,2025-08-15
126,0001650372,2025,2025-06-30,5215304000,-130392000,-256687000,157792000,-98895000,-1.5955508367460438,,92375000,44850000,1460393000,1415543000,2512874000,,987684000,987684000,261787000,2025-08-15
127,0001713683,2015,2015-07-31,,,,,,,,,,,,83842000,,,,,2018-09-13
128,0001713683,2016,2016-07-31,80325000,-26843000,-27438000,468000,-26970000,-0.017352614015572858,,,5402000,-11916000,-17318000,92842000,,,,,2018-09-13
129,0001713683,2017,2017-07-31,125717000,-35073000,-35460000,877000,-34583000,-0.025359280571379,,,7783000,-6019000,-13802000,87978000,,,,,2019-09-18
130,0001713683,2018,2018-07-31,190174000,-34624000,-33646000,1337000,-32309000,-0.04138165836144728,0,,13397000,17307000,3910000,135579000,,,,,2020-09-17
131,0001713683,2019,2019-07-31,302836000,-35313000,-28655000,743000,-27912000,-0.026619375179134423,0,,25520000,58027000,32507000,78484000,,0,0,123566000,2021-09-16
132,0001713683,2020,2020-07-31,431269000,-113956000,-115116000,2388000,-112728000,-0.021183734298488396,5025000,,43072000,79317000,36245000,141851000,,861615000,861615000,129323000,2022-09-15
133,0001713683,2021,2021-07-31,673100000,-207812000,-262029000,4851000,-257178000,-0.018862422135641464,53364000,,48165000,202040000,153875000,275898000,,913538000,913538000,135654000,2023-09-14
134,0001713683,2022,2022-07-31,1090946000,-327429000,-390278000,6648000,-383630000,-0.017329197403748404,56579000,,69296000,321912000,252616000,1013210000,,968674000,968674000,140895000,2024-09-12
135,0001713683,2023,2023-07-31,1616952000,-234623000,-202335000,19771000,-182564000,-0.10829626870576893,6541000,,97197000,462343000,365146000,1262206000,0,1134159000,1134159000,144942000,2025-09-11
136,0001713683,2024,2024-07-31,2167771000,-121477000,-57706000,28477000,-29229000,-0.9742721269971604,5350000,,144588000,779846000,635258000,1423080000,1142275000,0,1142275000,149586000,2025-09-11
137,0001713683,2025,2025-07-31,2673115000,-128460000,-41478000,23187000,-18291000,-1.2676726258815811,,,164252000,972453000,808201000,2389023000,0,1700727000,1700727000,154404000,2025-09-11
