id,cik,form_type,filing_date,accession_number
1,0001108524,10-Q,2009-08-25,0001193125-09-180950
2,0001108524,10-K,2013-03-08,0001193125-13-098852
3,0001108524,10-Q,2013-05-24,0001193125-13-235664
4,0001108524,10-Q,2013-08-30,0001193125-13-354101
5,0001108524,10-Q,2013-11-25,0001193125-13-453124
6,0001108524,10-K,2014-03-05,0001193125-14-084762
7,0001108524,10-Q,2014-05-30,0001445305-14-002370
8,0001108524,10-Q,2014-08-26,0001108524-14-000009
9,0001108524,10-Q,2014-11-26,0001108524-14-000023
10,0001108524,10-K,2015-03-06,0001108524-15-000008
11,0001108524,10-Q,2015-05-22,0001108524-15-000014
12,0001108524,10-Q,2015-08-25,0001108524-15-000025
13,0001108524,10-Q,2015-11-20,0001108524-15-000034
14,0001108524,10-K,2016-03-07,0001108524-16-000053
15,0001108524,8-K,2016-09-01,0001108524-16-000093
16,0001108524,10-Q,2016-05-20,0001108524-16-000066
17,0001108524,10-Q,2016-09-01,0001108524-16-000085
18,0001108524,10-Q,2016-11-21,0001108524-16-000128
19,0001108524,10-K,2017-03-06,0001108524-17-000006
20,0001108524,10-Q,2017-05-22,0001108524-17-000012
21,0001108524,10-Q,2017-08-25,0001108524-17-000020
22,0001108524,10-Q,2017-11-22,0001108524-17-000040
23,0001108524,10-K,2018-03-09,0001108524-18-000011
24,0001108524,10-Q,2018-05-31,0001108524-18-000035
25,0001108524,10-Q,2018-08-31,0001108524-18-000057
26,0001108524,10-Q,2018-11-28,0001108524-18-000087
27,0001108524,10-Q,2019-06-05,0001108524-19-000025
28,0001108524,10-Q,2019-08-23,0001108524-19-000052
29,0001108524,10-Q,2019-12-04,0001108524-19-000076
30,0001108524,10-K,2020-03-05,0001108524-20-000014
31,0001108524,10-Q,2020-06-01,0001108524-22-000007
32,0001108524,10-Q,2020-08-28,0001108524-20-000041
33,0001108524,10-Q,2020-12-04,0001108524-20-000047
34,0001108524,10-K,2021-03-17,0001108524-21-000014
35,0001108524,10-K,2021-03-17,0001108524-22-000008
36,0001108524,10-Q,2021-06-02,0001108524-21-000030
37,0001108524,10-Q,2021-08-27,0001108524-21-000047
38,0001108524,10-Q,2021-12-02,0001108524-21-000055
39,0001108524,10-K,2022-03-11,0001108524-22-000013
40,0001108524,10-Q,2022-06-01,0001108524-22-000022
41,0001108524,10-Q,2022-08-25,0001108524-22-000041
42,0001108524,10-Q,2022-12-01,0001108524-22-000060
43,0001108524,10-K,2023-03-08,0001108524-23-000011
44,0001108524,10-Q,2023-06-01,0001108524-23-000023
45,0001108524,10-Q,2023-08-31,0001108524-23-000040
46,0001108524,10-Q,2023-11-30,0001108524-23-000048
47,0001108524,10-K,2024-03-06,0001108524-24-000005
48,0001108524,10-Q,2024-05-30,0001108524-24-000009
49,0001108524,10-Q,2024-08-29,0001108524-24-000022
50,0001108524,10-Q,2024-12-04,0001108524-24-000034
51,0001108524,10-K,2025-03-05,0001108524-25-000006
52,0001108524,10-Q,2025-05-29,0001108524-25-000030
53,0001108524,10-Q,2025-09-04,0001108524-25-000088
54,0001108524,10-Q,2025-12-04,0001108524-25-000238
55,0001108524,10-K,2026-03-02,0001108524-26-000060
56,0001108524,10-Q,2026-05-28,0001108524-26-000127
57,0001108524,10-Q,2009-11-25,0001193125-09-242413
58,0001108524,10-K,2010-03-11,0001193125-10-053838
59,0001108524,10-Q,2010-05-28,0000950130-10-001306
60,0001108524,10-Q,2010-09-09,0001193125-10-207193
61,0001108524,10-Q,2010-11-24,0001193125-10-268895
62,0001108524,10-K,2011-03-23,0001193125-11-075314
63,0001108524,10-Q,2011-05-26,0001193125-11-151778
64,0001108524,10-Q,2011-09-06,0001193125-11-241110
65,0001108524,10-Q,2011-11-29,0001193125-11-324675
66,0001108524,10-K,2012-03-09,0001193125-12-107281
67,0001108524,10-Q,2012-05-25,0001193125-12-249119
68,0001108524,10-Q,2012-08-31,0001193125-12-377656
69,0001108524,10-Q,2012-11-28,0001193125-12-483959
70,0001108524,10-K,2019-03-08,0001108524-19-000009
71,0001108524,DEF 14A,2026-04-16,0001108524-26-000085
72,0000796343,10-Q,2009-06-26,0000796343-09-000026
73,0000796343,10-Q,2009-10-01,0000796343-09-000032
74,0000796343,10-K,2010-01-22,0000796343-10-000003
75,0000796343,10-Q,2010-04-09,0000796343-10-000007
76,0000796343,10-Q,2010-07-02,0000796343-10-000011
77,0000796343,10-Q,2010-10-08,0000796343-10-000014
78,0000796343,10-K,2011-01-27,0000796343-11-000003
79,0000796343,10-Q,2011-04-08,0000796343-11-000006
80,0000796343,10-Q,2011-06-29,0000796343-11-000010
81,0000796343,10-Q,2011-10-07,0000796343-11-000015
82,0000796343,10-K,2012-01-26,0000796343-12-000003
83,0000796343,10-Q,2012-03-30,0000796343-12-000013
84,0000796343,10-Q,2012-06-27,0000796343-12-000022
85,0000796343,10-Q,2012-09-27,0000796343-12-000029
86,0000796343,10-K,2013-01-22,0000796343-13-000008
87,0000796343,10-Q,2013-03-28,0000796343-13-000033
88,0000796343,10-Q,2013-06-28,0000796343-13-000044
89,0000796343,10-Q,2013-10-03,0000796343-13-000058
90,0000796343,10-K,2014-01-21,0000796343-14-000004
91,0000796343,10-Q,2014-03-28,0000796343-14-000023
92,0000796343,10-Q,2014-06-25,0000796343-14-000046
93,0000796343,10-Q,2014-09-25,0000796343-14-000092
94,0000796343,10-K,2015-01-20,0000796343-15-000022
95,0000796343,10-Q,2015-03-25,0000796343-15-000084
96,0000796343,10-Q,2015-06-24,0000796343-15-000151
97,0000796343,10-Q,2015-09-23,0000796343-15-000188
98,0000796343,10-K,2016-01-19,0000796343-16-000224
99,0000796343,10-Q,2016-03-30,0000796343-16-000290
100,0000796343,10-Q,2016-06-29,0000796343-16-000352
101,0000796343,10-Q,2016-09-27,0000796343-16-000395
102,0000796343,10-K,2017-01-20,0000796343-17-000031
103,0000796343,10-Q,2017-03-29,0000796343-17-000088
104,0000796343,10-Q,2017-06-28,0000796343-17-000130
105,0000796343,10-Q,2017-09-27,0000796343-17-000157
106,0000796343,10-K,2018-01-22,0000796343-18-000015
107,0000796343,10-Q,2018-03-28,0000796343-18-000065
108,0000796343,10-Q,2018-06-27,0000796343-18-000134
109,0000796343,10-Q,2018-09-26,0000796343-18-000160
110,0000796343,10-K,2019-01-25,0000796343-19-000019
111,0000796343,10-Q,2019-03-27,0000796343-19-000079
112,0000796343,10-Q,2019-06-26,0000796343-19-000142
113,0000796343,10-Q,2019-09-26,0000796343-19-000165
114,0000796343,10-K,2020-01-21,0000796343-20-000013
115,0000796343,10-Q,2020-03-25,0000796343-20-000064
116,0000796343,10-Q,2020-06-24,0000796343-20-000143
117,0000796343,10-Q,2020-09-23,0000796343-20-000201
118,0000796343,10-K,2021-01-15,0000796343-21-000004
119,0000796343,10-Q,2021-03-31,0000796343-21-000069
120,0000796343,10-Q,2021-06-30,0000796343-21-000159
121,0000796343,10-Q,2021-09-29,0000796343-21-000210
122,0000796343,10-K,2022-01-21,0000796343-22-000032
123,0000796343,10-Q,2022-03-30,0000796343-22-000099
124,0000796343,10-Q,2022-06-29,0000796343-22-000157
125,0000796343,10-Q,2022-09-28,0000796343-22-000196
126,0000796343,10-K,2023-01-17,0000796343-23-000007
127,0000796343,10-Q,2023-03-29,0000796343-23-000055
128,0000796343,10-Q,2023-06-28,0000796343-23-000153
129,0000796343,10-Q,2023-09-27,0000796343-23-000205
130,0000796343,10-K,2024-01-17,0000796343-24-000006
131,0000796343,10-Q,2024-03-27,0000796343-24-000065
132,0000796343,10-Q,2024-06-26,0000796343-24-000150
133,0000796343,10-Q,2024-09-25,0000796343-24-000208
134,0000796343,10-K,2025-01-13,0000796343-25-000004
135,0000796343,10-Q,2025-03-26,0000796343-25-000059
136,0000796343,10-Q,2025-06-25,0000796343-25-000073
137,0000796343,10-Q,2025-09-24,0000796343-25-000107
138,0000796343,10-K,2026-01-15,0000796343-26-000003
139,0000796343,10-Q,2026-03-25,0000796343-26-000056
140,0000796343,10-Q,2026-06-15,0000796343-26-000112
141,0001373715,10-Q,2012-08-10,0001193125-12-349586
142,0001373715,10-Q,2012-10-31,0001193125-12-443921
143,0001373715,10-K,2013-03-08,0001373715-13-000004
144,0001373715,10-Q,2013-05-08,0001373715-13-000013
145,0001373715,10-Q,2013-08-07,0001373715-13-000061
146,0001373715,10-Q,2013-11-04,0001373715-13-000101
147,0001373715,10-K,2014-02-28,0001373715-14-000044
148,0001373715,10-Q,2014-05-07,0001373715-14-000084
149,0001373715,10-Q,2014-08-07,0001373715-14-000151
150,0001373715,10-Q,2014-11-05,0001373715-14-000207
151,0001373715,10-K,2015-02-27,0001373715-15-000067
152,0001373715,10-Q,2015-05-07,0001373715-15-000122
153,0001373715,10-Q,2015-08-06,0001373715-15-000199
154,0001373715,10-Q,2015-11-04,0001373715-15-000260
155,0001373715,10-K,2016-02-25,0001373715-16-000324
156,0001373715,10-Q,2016-05-06,0001373715-16-000364
157,0001373715,10-Q,2016-08-03,0001373715-16-000394
158,0001373715,10-Q,2016-11-04,0001373715-16-000426
159,0001373715,10-K,2017-02-28,0001373715-17-000026
160,0001373715,10-Q,2017-05-05,0001373715-17-000050
161,0001373715,10-Q,2017-08-08,0001373715-17-000125
162,0001373715,10-Q,2017-11-06,0001373715-17-000164
163,0001373715,10-K,2018-02-28,0001373715-18-000058
164,0001373715,10-Q,2018-05-08,0001373715-18-000087
165,0001373715,10-Q,2018-08-08,0001373715-18-000157
166,0001373715,10-Q,2018-11-07,0001373715-18-000195
167,0001373715,10-K,2019-02-27,0001373715-19-000070
168,0001373715,10-Q,2019-05-03,0001373715-19-000116
169,0001373715,10-Q,2019-08-06,0001373715-19-000208
170,0001373715,10-Q,2019-10-25,0001373715-19-000267
171,0001373715,10-K,2020-02-20,0001373715-20-000072
172,0001373715,10-Q,2020-04-30,0001373715-20-000101
173,0001373715,10-Q,2020-07-30,0001373715-20-000191
174,0001373715,10-Q,2020-10-29,0001373715-20-000257
175,0001373715,10-K,2021-02-12,0001373715-21-000061
176,0001373715,10-Q,2021-04-29,0001373715-21-000114
177,0001373715,10-Q,2021-07-29,0001373715-21-000202
178,0001373715,10-Q,2021-10-28,0001373715-21-000292
179,0001373715,10-K,2022-02-03,0001373715-22-000024
180,0001373715,10-Q,2022-04-28,0001373715-22-000134
181,0001373715,10-Q,2022-07-28,0001373715-22-000241
182,0001373715,10-Q,2022-10-27,0001373715-22-000330
183,0001373715,10-K,2023-01-31,0001373715-23-000035
184,0001373715,10-Q,2023-04-27,0001373715-23-000166
185,0001373715,10-Q,2023-07-27,0001373715-23-000325
186,0001373715,10-Q,2023-10-26,0001373715-23-000419
187,0001373715,10-K,2024-01-25,0001373715-24-000030
188,0001373715,10-Q,2024-05-06,0001373715-24-000169
189,0001373715,10-Q,2024-07-25,0001373715-24-000272
190,0001373715,10-Q,2024-10-24,0001373715-24-000344
191,0001373715,10-K,2025-01-30,0001373715-25-000010
192,0001373715,10-Q,2025-04-23,0001373715-25-000126
193,0001373715,10-Q,2025-07-24,0001373715-25-000276
194,0001373715,10-Q,2025-10-30,0001373715-25-000309
195,0001373715,10-K,2026-01-29,0001373715-26-000007
196,0001373715,10-Q,2026-04-23,0001373715-26-000056
197,0001373715,10-Q,2026-07-23,0001373715-26-000076
198,0001373715,DEF 14A,2026-04-06,0001373715-26-000039
199,0001327811,10-Q,2012-12-07,0001193125-12-495545
200,0001327811,10-K,2013-03-22,0001193125-13-122351
201,0001327811,10-Q,2013-06-05,0001193125-13-248710
202,0001327811,10-Q,2013-09-06,0001193125-13-360085
203,0001327811,10-Q,2013-12-02,0001193125-13-459380
204,0001327811,10-K,2014-03-31,0001193125-14-124249
205,0001327811,10-Q,2014-06-06,0001193125-14-228909
206,0001327811,10-Q,2014-09-02,0001193125-14-329149
207,0001327811,10-Q,2014-12-05,0001327811-14-000007
208,0001327811,10-K,2015-03-25,0001327811-15-000006
209,0001327811,10-Q,2015-06-05,0001327811-15-000014
210,0001327811,10-Q,2015-09-04,0001327811-15-000021
211,0001327811,10-Q,2015-12-04,0001327811-15-000027
212,0001327811,10-K,2016-03-22,0001327811-16-000032
213,0001327811,10-Q,2016-06-01,0001327811-16-000041
214,0001327811,10-Q,2016-09-02,0001327811-16-000050
215,0001327811,10-Q,2016-12-02,0001327811-16-000062
216,0001327811,10-K,2017-03-20,0001327811-17-000008
217,0001327811,10-Q,2017-06-02,0001327811-17-000015
218,0001327811,10-Q,2017-08-31,0001327811-17-000023
219,0001327811,10-Q,2017-11-30,0001327811-17-000032
220,0001327811,10-K,2018-03-14,0001327811-18-000009
221,0001327811,10-Q,2018-06-01,0001327811-18-000022
222,0001327811,10-Q,2018-09-05,0001327811-18-000024
223,0001327811,10-Q,2018-12-03,0001327811-18-000058
224,0001327811,10-K,2019-03-18,0001327811-19-000038
225,0001327811,10-Q,2019-05-30,0001327811-19-000092
226,0001327811,10-Q,2019-08-30,0001327811-19-000156
227,0001327811,10-Q,2019-12-04,0001327811-19-000196
228,0001327811,10-K,2020-03-03,0001327811-20-000022
229,0001327811,10-Q,2020-05-28,0001327811-20-000070
230,0001327811,10-Q,2020-08-28,0001327811-20-000129
231,0001327811,10-Q,2020-11-20,0001327811-20-000167
232,0001327811,10-K,2021-03-02,0001327811-21-000020
233,0001327811,10-Q,2021-05-26,0001327811-21-000054
234,0001327811,10-Q,2021-08-26,0001327811-21-000133
235,0001327811,10-Q,2021-11-18,0001327811-21-000174
236,0001327811,10-K,2022-02-28,0001327811-22-000030
237,0001327811,10-Q,2022-05-26,0001327811-22-000091
238,0001327811,10-Q,2022-08-25,0001327811-22-000154
239,0001327811,10-Q,2022-11-29,0001327811-22-000184
240,0001327811,10-K,2023-02-27,0001327811-23-000024
241,0001327811,10-Q,2023-05-25,0001327811-23-000078
242,0001327811,10-Q,2023-08-24,0001327811-23-000150
243,0001327811,10-Q,2023-11-28,0001327811-23-000202
244,0001327811,10-K,2024-03-08,0001327811-24-000044
245,0001327811,10-Q,2024-05-29,0001327811-24-000093
246,0001327811,10-Q,2024-08-28,0001327811-24-000165
247,0001327811,10-Q,2024-12-05,0001327811-24-000242
248,0001327811,10-K,2025-03-11,0001327811-25-000056
249,0001327811,10-Q,2025-05-23,0001327811-25-000107
250,0001327811,10-Q,2025-08-22,0001327811-25-000184
251,0001327811,10-Q,2025-11-26,0001327811-25-000198
252,0001327811,10-K,2026-03-06,0001327811-26-000014
253,0001327811,10-Q,2026-05-22,0001327811-26-000026
254,0001327811,DEF 14A,2026-05-05,0001104659-26-055687
255,0001404655,10-Q,2014-11-13,0001193125-14-411203
256,0001404655,10-K,2015-03-05,0001193125-15-079000
257,0001404655,10-Q,2015-05-07,0001193125-15-177373
258,0001404655,10-Q,2015-08-06,0001564590-15-006500
259,0001404655,10-Q,2015-11-04,0001564590-15-009381
260,0001404655,10-K,2016-02-24,0001564590-16-013204
261,0001404655,10-Q,2016-05-04,0001564590-16-017682
262,0001404655,10-Q,2016-08-03,0001564590-16-022377
263,0001404655,10-Q,2016-11-02,0001564590-16-027043
264,0001404655,10-K,2017-02-16,0001564590-17-001694
265,0001404655,10-Q,2017-05-02,0001564590-17-008140
266,0001404655,10-Q,2017-08-02,0001564590-17-014974
267,0001404655,10-Q,2017-11-01,0001564590-17-020828
268,0001404655,10-K,2018-02-13,0001564590-18-001962
269,0001404655,10-Q,2018-05-10,0001564590-18-013006
270,0001404655,10-Q,2018-08-01,0001564590-18-018534
271,0001404655,10-Q,2018-11-07,0001564590-18-028116
272,0001404655,10-K,2019-02-12,0001564590-19-002699
273,0001404655,10-Q,2019-05-07,0001564590-19-016599
274,0001404655,10-Q,2019-08-06,0001564590-19-029455
275,0001404655,10-Q,2019-11-05,0001564590-19-040465
276,0001404655,10-K,2020-02-12,0001564590-20-004381
277,0001404655,10-Q,2020-05-06,0001564590-20-022045
278,0001404655,10-Q,2020-08-05,0001564590-20-036906
279,0001404655,10-Q,2020-11-05,0001564590-20-051449
280,0001404655,10-K,2021-02-16,0001564590-21-006083
281,0001404655,10-Q,2021-05-05,0001564590-21-024171
282,0001404655,10-Q,2021-08-04,0000950170-21-000805
283,0001404655,10-Q,2021-11-03,0000950170-21-002844
284,0001404655,10-K,2022-02-14,0000950170-22-001221
285,0001404655,10-Q,2022-05-05,0000950170-22-007919
286,0001404655,10-Q,2022-08-04,0000950170-22-014846
287,0001404655,10-Q,2022-11-02,0000950170-22-021289
288,0001404655,10-K,2023-02-16,0000950170-23-003077
289,0001404655,10-Q,2023-05-03,0000950170-23-017259
290,0001404655,10-Q,2023-08-02,0000950170-23-037236
291,0001404655,10-Q,2023-11-08,0000950170-23-061183
292,0001404655,10-K,2024-02-14,0000950170-24-015277
293,0001404655,10-Q,2024-05-10,0000950170-24-057772
294,0001404655,10-Q,2024-08-07,0000950170-24-092843
295,0001404655,10-Q,2024-11-06,0000950170-24-122373
296,0001404655,10-K,2025-02-12,0000950170-25-018873
297,0001404655,10-Q,2025-05-08,0000950170-25-067055
298,0001404655,10-Q,2025-08-06,0000950170-25-104104
299,0001404655,10-Q,2025-11-05,0001193125-25-267056
300,0001404655,10-K,2026-02-11,0001193125-26-046646
301,0001404655,10-Q,2026-05-07,0001193125-26-212122
302,0001404655,DEF 14A,2026-04-27,0001193125-26-182210
303,0001650372,10-Q,2022-11-04,0001650372-22-000078
304,0001650372,10-Q,2023-02-03,0001650372-23-000009
305,0001650372,10-Q,2023-05-05,0001650372-23-000024
306,0001650372,10-K,2023-08-18,0001650372-23-000040
307,0001650372,10-Q,2023-11-03,0001650372-23-000060
308,0001650372,10-Q,2024-02-02,0001650372-24-000010
309,0001650372,10-Q,2024-04-26,0001650372-24-000016
310,0001650372,10-K,2024-08-16,0001650372-24-000036
311,0001650372,10-Q,2024-11-01,0001650372-24-000056
312,0001650372,10-Q,2025-01-31,0001650372-25-000009
313,0001650372,10-Q,2025-05-02,0001650372-25-000022
314,0001650372,10-K,2025-08-15,0001650372-25-000036
315,0001650372,10-Q,2025-10-31,0001650372-25-000068
316,0001650372,10-Q,2026-02-06,0001650372-26-000011
317,0001650372,10-Q,2026-05-01,0001650372-26-000027
318,0001561550,10-Q,2019-11-13,0001564590-19-043256
319,0001561550,10-K,2020-02-25,0001564590-20-006422
320,0001561550,10-Q,2020-05-12,0001564590-20-024662
321,0001561550,10-Q,2020-08-07,0001564590-20-038405
322,0001561550,10-Q,2020-11-12,0001564590-20-053609
323,0001561550,10-K,2021-03-01,0001564590-21-009770
324,0001561550,10-Q,2021-05-07,0001561550-21-000007
325,0001561550,10-Q,2021-08-06,0001561550-21-000018
326,0001561550,10-Q,2021-11-05,0001561550-21-000026
327,0001561550,10-K,2022-02-25,0001561550-22-000009
328,0001561550,10-Q,2022-05-06,0001561550-22-000026
329,0001561550,10-Q,2022-08-08,0001561550-22-000038
330,0001561550,10-Q,2022-11-04,0001561550-22-000045
331,0001561550,10-K,2023-02-24,0001561550-23-000006
332,0001561550,10-Q,2023-05-05,0001561550-23-000023
333,0001561550,10-Q,2023-08-09,0001561550-23-000039
334,0001561550,10-Q,2023-11-07,0001561550-23-000055
335,0001561550,10-K,2024-02-23,0001561550-24-000009
336,0001561550,10-Q,2024-05-08,0001561550-24-000051
337,0001561550,10-Q,2024-08-09,0001561550-24-000112
338,0001561550,10-Q,2024-11-08,0001561550-24-000175
339,0001561550,10-K,2025-02-20,0001561550-25-000025
340,0001561550,10-Q,2025-05-07,0001561550-25-000123
341,0001561550,10-Q,2025-08-08,0001561550-25-000220
342,0001561550,10-Q,2025-11-07,0001561550-25-000313
343,0001561550,10-K,2026-02-18,0001628280-26-008819
344,0001561550,10-Q,2026-05-07,0001628280-26-032328
345,0001561550,DEF 14A,2026-04-29,0001628280-26-028118
346,0001640147,10-Q,2020-12-03,0001640147-20-000023
347,0001640147,10-K,2021-03-31,0001640147-21-000073
348,0001640147,10-Q,2021-06-04,0001640147-21-000122
349,0001640147,10-Q,2021-09-02,0001640147-21-000212
350,0001640147,10-Q,2021-12-03,0001640147-21-000271
351,0001640147,10-K,2022-03-30,0001640147-22-000023
352,0001640147,10-Q,2022-06-03,0001640147-22-000044
353,0001640147,10-Q,2022-09-01,0001640147-22-000084
354,0001640147,10-Q,2022-12-02,0001640147-22-000100
355,0001640147,10-K,2023-03-29,0001640147-23-000030
356,0001640147,10-Q,2023-06-02,0001640147-23-000102
357,0001640147,10-Q,2023-08-31,0001640147-23-000199
358,0001640147,10-Q,2023-12-01,0001640147-23-000260
359,0001640147,10-K,2024-03-26,0001640147-24-000101
360,0001640147,10-Q,2024-05-31,0001640147-24-000135
361,0001640147,10-Q,2024-08-29,0001640147-24-000207
362,0001640147,10-Q,2024-11-27,0001640147-24-000250
363,0001640147,10-K,2025-03-21,0001640147-25-000052
364,0001640147,10-Q,2025-05-30,0001640147-25-000110
365,0001640147,10-Q,2025-09-05,0001640147-25-000187
366,0001640147,10-Q,2025-12-05,0001640147-25-000211
367,0001640147,10-K,2026-03-20,0001640147-26-000008
368,0001640147,10-Q,2026-05-29,0001640147-26-000030
369,0001640147,DEF 14A,2026-05-18,0001640147-26-000019
370,0001713683,10-Q,2018-06-07,0001713683-18-000007
371,0001713683,10-K,2018-09-13,0001628280-18-011833
372,0001713683,10-Q,2018-12-06,0001713683-18-000009
373,0001713683,10-Q,2019-03-06,0001713683-19-000006
374,0001713683,10-Q,2019-06-05,0001713683-19-000016
375,0001713683,10-K,2019-09-18,0001713683-19-000030
376,0001713683,10-Q,2019-12-06,0001713683-19-000053
377,0001713683,10-Q,2020-03-04,0001713683-20-000037
378,0001713683,10-Q,2020-06-03,0001713683-20-000095
379,0001713683,10-K,2020-09-17,0001713683-20-000163
380,0001713683,10-Q,2020-12-08,0001713683-20-000193
381,0001713683,10-Q,2021-03-04,0001713683-21-000037
382,0001713683,10-Q,2021-06-03,0001713683-21-000096
383,0001713683,10-K,2021-09-16,0001713683-21-000175
384,0001713683,10-Q,2021-12-08,0001713683-21-000238
385,0001713683,10-Q,2022-03-09,0001713683-22-000029
386,0001713683,10-Q,2022-06-09,0001713683-22-000056
387,0001713683,10-K,2022-09-15,0001713683-22-000081
388,0001713683,10-Q,2022-12-07,0001713683-22-000123
389,0001713683,10-Q,2023-03-08,0001713683-23-000030
390,0001713683,10-Q,2023-06-07,0001713683-23-000059
391,0001713683,10-K,2023-09-14,0001713683-23-000113
392,0001713683,10-Q,2023-12-06,0001713683-23-000171
393,0001713683,10-Q,2024-03-06,0001713683-24-000041
394,0001713683,10-Q,2024-06-07,0001713683-24-000075
395,0001713683,10-K,2024-09-12,0001713683-24-000109
396,0001713683,10-Q,2024-12-05,0001713683-24-000150
397,0001713683,10-Q,2025-03-10,0001713683-25-000033
398,0001713683,10-Q,2025-05-29,0001713683-25-000079
399,0001713683,10-K,2025-09-11,0001713683-25-000158
400,0001713683,10-Q,2025-11-25,0001713683-25-000205
401,0001713683,10-Q,2026-02-26,0001713683-26-000048
402,0001713683,10-Q,2026-05-26,0001713683-26-000096
403,0001535527,10-Q,2019-07-19,0001558370-19-006161
404,0001535527,10-Q,2019-09-06,0001558370-19-008521
405,0001535527,10-Q,2019-12-06,0001535527-19-000011
406,0001535527,10-K,2020-03-23,0001535527-20-000006
407,0001535527,10-Q,2020-06-03,0001535527-20-000012
408,0001535527,10-Q,2020-09-03,0001535527-20-000019
409,0001535527,10-Q,2020-12-03,0001535527-20-000025
410,0001535527,10-K,2021-03-18,0001535527-21-000007
411,0001535527,10-Q,2021-06-04,0001535527-21-000013
412,0001535527,10-Q,2021-09-01,0001535527-21-000022
413,0001535527,10-Q,2021-12-02,0001535527-21-000028
414,0001535527,10-K,2022-03-16,0001535527-22-000006
415,0001535527,10-Q,2022-06-03,0001535527-22-000012
416,0001535527,10-Q,2022-08-31,0001535527-22-000018
417,0001535527,10-Q,2022-11-30,0001535527-22-000025
418,0001535527,10-K,2023-03-09,0001535527-23-000008
419,0001535527,10-Q,2023-06-01,0001535527-23-000014
420,0001535527,10-Q,2023-08-31,0001535527-23-000020
421,0001535527,10-Q,2023-11-29,0001535527-23-000026
422,0001535527,10-K,2024-03-07,0001535527-24-000007
423,0001535527,10-Q,2024-06-05,0001535527-24-000013
424,0001535527,10-Q,2024-08-29,0001535527-24-000020
425,0001535527,10-Q,2024-11-27,0001535527-24-000026
426,0001535527,10-K,2025-03-10,0001535527-25-000009
427,0001535527,10-Q,2025-06-04,0001535527-25-000019
428,0001535527,10-Q,2025-08-28,0001535527-25-000025
429,0001535527,10-Q,2025-12-03,0001535527-25-000033
430,0001535527,10-K,2026-03-05,0001535527-26-000010
431,0001535527,10-Q,2026-06-04,0001535527-26-000025
432,0001535527,PRE 14A,2026-04-21,0001104659-26-046009
433,0001535527,DEF 14A,2026-05-05,0001104659-26-055599
